{"cameraMode":{"drawMode":0,"name":"Shaded","section":"Shading Mode"},"sceneLighting":true,"audioPlay":false,"sceneViewState":{"m_AlwaysRefresh":false,"showFog":true,"showSkybox":true,"showFlares":true,"showImageEffects":true,"showParticleSystems":true,"showVisualEffectGraphs":true,"m_FxEnabled":true},"in2DMode":false,"pivot":{"x":-3.356901168823242,"y":-0.09906566143035889,"z":-1.9348101615905762},"rotation":{"x":0.1680961400270462,"y":0.0014786821557208896,"z":-0.00025213303160853684,"w":0.9857699275016785},"size":3.049999713897705,"orthographic":false}