{"cameraMode":{"drawMode":0,"name":"Shaded","section":"Shading Mode"},"sceneLighting":true,"audioPlay":false,"sceneViewState":{"m_AlwaysRefresh":false,"showFog":true,"showSkybox":true,"showFlares":true,"showImageEffects":true,"showParticleSystems":true,"showVisualEffectGraphs":true,"m_FxEnabled":true},"in2DMode":false,"pivot":{"x":3.1792502403259279,"y":1.8096257448196412,"z":0.1264190673828125},"rotation":{"x":0.4759595990180969,"y":0.38160035014152529,"z":-0.24057552218437196,"w":0.7549679279327393},"size":3.3119285106658937,"orthographic":true}